path,full_url,lastmod,type
/,https://www.drserracruz.com.br/,2026-03-18T13:17:47+00:00,url
/3-dicas-para-prevenir-lesoes/,https://www.drserracruz.com.br/3-dicas-para-prevenir-lesoes/,2022-06-01T14:10:00+00:00,url
/4457-2/,https://www.drserracruz.com.br/4457-2/,2026-03-15T22:17:25+00:00,url
/a-realizacao-de-um-sonho-participar-de-uma-olimpiada/,https://www.drserracruz.com.br/a-realizacao-de-um-sonho-participar-de-uma-olimpiada/,2025-08-31T21:14:54+00:00,url
/afinal-o-que-e-a-condropatia-patelar/,https://www.drserracruz.com.br/afinal-o-que-e-a-condropatia-patelar/,2022-06-01T14:09:44+00:00,url
/artigos/,https://www.drserracruz.com.br/artigos/,2021-09-24T05:45:06+00:00,url
/artrose/,https://www.drserracruz.com.br/artrose/,2025-11-19T19:12:03+00:00,url
/author/drserracruz/,https://www.drserracruz.com.br/author/drserracruz/,2026-03-17T20:39:46+00:00,author
/blog/,https://www.drserracruz.com.br/blog/,2021-07-20T18:25:48+00:00,url
/capitulos-de-livros/,https://www.drserracruz.com.br/capitulos-de-livros/,2021-09-23T14:20:16+00:00,url
/category/apresentacao/,https://www.drserracruz.com.br/category/apresentacao/,2025-07-28T19:08:26+00:00,category
/category/artigo/,https://www.drserracruz.com.br/category/artigo/,2022-06-01T14:11:37+00:00,category
/category/blog/,https://www.drserracruz.com.br/category/blog/,2025-06-22T10:12:20+00:00,category
/category/noticias/,https://www.drserracruz.com.br/category/noticias/,2025-03-17T08:51:17+00:00,category
/category/uncategorized/,https://www.drserracruz.com.br/category/uncategorized/,2026-03-15T22:21:22+00:00,category
/conheca-o-dr-raphael-serra-cruz-medico-ortopedista-especialista-em-joelho/,https://www.drserracruz.com.br/conheca-o-dr-raphael-serra-cruz-medico-ortopedista-especialista-em-joelho/,2025-08-04T12:58:07+00:00,url
/dr-raphael-serra-cruz-confirma-presenca-na-jornada-lyonesa-de-cirurgia-do-joelho-em-sao-paulo/,https://www.drserracruz.com.br/dr-raphael-serra-cruz-confirma-presenca-na-jornada-lyonesa-de-cirurgia-do-joelho-em-sao-paulo/,2025-07-28T19:08:26+00:00,url
/dr-raphael-serra-cruz-contribuicoes-e-legado/,https://www.drserracruz.com.br/dr-raphael-serra-cruz-contribuicoes-e-legado/,2025-09-17T11:26:59+00:00,url
/experiencia-no-esporte-clube-de-regatas-do-flamengo/,https://www.drserracruz.com.br/experiencia-no-esporte-clube-de-regatas-do-flamengo/,2025-08-25T20:20:21+00:00,url
/experiencia-no-esporte-medico-atp-rio-open-de-tenis/,https://www.drserracruz.com.br/experiencia-no-esporte-medico-atp-rio-open-de-tenis/,2025-09-08T00:04:55+00:00,url
/experiencias-internacionais-em-busca-do-state-of-the-art/,https://www.drserracruz.com.br/experiencias-internacionais-em-busca-do-state-of-the-art/,2025-08-08T14:32:31+00:00,url
/flamengo-bate-palmeiras-nos-penalties-e-e-bi-campeao-da-libertadores-sub-20/,https://www.drserracruz.com.br/flamengo-bate-palmeiras-nos-penalties-e-e-bi-campeao-da-libertadores-sub-20/,2025-03-17T08:42:06+00:00,url
/futebol-e-medicina-o-brasil-mostrando-sua-forca-no-cenario-global-%e2%9a%bd%f0%9f%a9%ba%f0%9f%87%a7%f0%9f%87%b7/,https://www.drserracruz.com.br/futebol-e-medicina-o-brasil-mostrando-sua-forca-no-cenario-global-%e2%9a%bd%f0%9f%a9%ba%f0%9f%87%a7%f0%9f%87%b7/,2025-06-22T10:12:20+00:00,url
/galeria-dr-serra-cruz/,https://www.drserracruz.com.br/galeria-dr-serra-cruz/,2021-10-06T04:48:07+00:00,url
/international-fellowship-usa-divisor-de-aguas-na-carreira-medica/,https://www.drserracruz.com.br/international-fellowship-usa-divisor-de-aguas-na-carreira-medica/,2025-08-17T15:46:16+00:00,url
/joao-fonseca-e-campeao-em-phoenix-e-passa-a-60-do-ranking-atp/,https://www.drserracruz.com.br/joao-fonseca-e-campeao-em-phoenix-e-passa-a-60-do-ranking-atp/,2025-03-17T08:51:17+00:00,url
/lesao-do-menisco-precisa-operar/,https://www.drserracruz.com.br/lesao-do-menisco-precisa-operar/,2022-06-01T14:11:37+00:00,url
/lesoes-e-tratamentos/,https://www.drserracruz.com.br/lesoes-e-tratamentos/,2021-07-26T08:39:25+00:00,url
/lesoes-e-tratamentos/lesoes-de-cartilagem/,https://www.drserracruz.com.br/lesoes-e-tratamentos/lesoes-de-cartilagem/,2021-10-06T04:49:31+00:00,url
/lesoes-e-tratamentos/lesoes-ligamentares-complexas/,https://www.drserracruz.com.br/lesoes-e-tratamentos/lesoes-ligamentares-complexas/,2025-11-19T19:15:42+00:00,url
/lesoes-e-tratamentos/lesoes-ligamentares/,https://www.drserracruz.com.br/lesoes-e-tratamentos/lesoes-ligamentares/,2025-11-19T19:16:50+00:00,url
/lesoes-e-tratamentos/lesoes-meniscais/,https://www.drserracruz.com.br/lesoes-e-tratamentos/lesoes-meniscais/,2025-11-19T19:17:44+00:00,url
/lesoes-e-tratamentos/lesoes-patelo-femorais/,https://www.drserracruz.com.br/lesoes-e-tratamentos/lesoes-patelo-femorais/,2025-11-19T19:18:17+00:00,url
/links-uteis/,https://www.drserracruz.com.br/links-uteis/,2021-10-15T08:59:58+00:00,url
/materiais-para-pacientes/,https://www.drserracruz.com.br/materiais-para-pacientes/,2025-08-27T14:56:37+00:00,url
/medicina-de-alta-performance-no-maior-palco-do-tenis-sul-americano/,https://www.drserracruz.com.br/medicina-de-alta-performance-no-maior-palco-do-tenis-sul-americano/,2026-02-26T16:39:58+00:00,url
/o-inicio-da-carreira-do-dr-raphael-serra-cruz/,https://www.drserracruz.com.br/o-inicio-da-carreira-do-dr-raphael-serra-cruz/,2025-08-07T09:34:29+00:00,url
/ortopedista-brasileiro-na-europa-acesso-rapido-a-especialista-em-joelho-via-telemedicina/,https://www.drserracruz.com.br/ortopedista-brasileiro-na-europa-acesso-rapido-a-especialista-em-joelho-via-telemedicina/,2026-03-15T22:21:22+00:00,url
/ortopedista-de-indaiatuba-com-passagem-pela-franca-coordena-mesa-de-discussoes-na-xi-jornada-lyonesa-de-cirurgia-do-joelho-em-sao-paulo/,https://www.drserracruz.com.br/ortopedista-de-indaiatuba-com-passagem-pela-franca-coordena-mesa-de-discussoes-na-xi-jornada-lyonesa-de-cirurgia-do-joelho-em-sao-paulo/,2025-08-03T18:55:28+00:00,url
/ortopedista-de-indaiatuba-cuidara-dos-atletas-do-rio-open-torneio-internacional-de-tenis-no-rio-de-janeiro/,https://www.drserracruz.com.br/ortopedista-de-indaiatuba-cuidara-dos-atletas-do-rio-open-torneio-internacional-de-tenis-no-rio-de-janeiro/,2025-02-21T01:40:10+00:00,url
/palestras-e-congressos/,https://www.drserracruz.com.br/palestras-e-congressos/,2021-10-06T04:53:00+00:00,url
/premiacoes-nacionais-e-internacionais-dr-raphael-serra-cruz/,https://www.drserracruz.com.br/premiacoes-nacionais-e-internacionais-dr-raphael-serra-cruz/,2025-08-21T02:32:47+00:00,url
/premiacoes/,https://www.drserracruz.com.br/premiacoes/,2021-09-24T14:43:54+00:00,url
/resumos/,https://www.drserracruz.com.br/resumos/,2021-08-08T06:39:33+00:00,url
/sobre/,https://www.drserracruz.com.br/sobre/,2025-03-06T13:53:41+00:00,url
/tendinopatias/,https://www.drserracruz.com.br/tendinopatias/,2025-11-19T19:21:22+00:00,url
/um-privilegio-no-mundo-do-tenis-alcaraz-e-joao-fonseca-de-promessas-a-idolos/,https://www.drserracruz.com.br/um-privilegio-no-mundo-do-tenis-alcaraz-e-joao-fonseca-de-promessas-a-idolos/,2025-12-07T15:09:46+00:00,url
